year,Male Students,Female Students,Male Change,Female Change,Male Change (%),Female Change (%)
2021,14265,10181,,,,
2022,14880,11550,615.0,1369.0,4.311251314405888,13.446616245948334
2023,14403,11678,-477.0,128.0,-3.205645161290323,1.1082251082251082
2024,14403,11678,0.0,0.0,0.0,0.0
